<?xml version="1.0" encoding="UTF-8"?>
<project-private xmlns="http://www.netbeans.org/ns/project-private/1">
    <editor-bookmarks xmlns="http://www.netbeans.org/ns/editor-bookmarks/2" lastBookmarkId="0"/>
    <open-files xmlns="http://www.netbeans.org/ns/projectui-open-files/2">
        <group>
            <file>file://systech/Shares/Employees/Homeshares/Alexandra.Vaschillo/CLASSES/JAVA_I/CodeExamples/RectangleDemo/src/rectangledemo/Rectangle.java</file>
            <file>file://systech/Shares/Employees/Homeshares/Alexandra.Vaschillo/CLASSES/JAVA_I/CodeExamples/RectangleDemo/src/rectangledemo/RectangleDemo.java</file>
        </group>
    </open-files>
</project-private>
